<?xml version="1.0" encoding="utf-8"?>
<!--/282365/1156048/2.50/8/4/MOSFET (N-Channel)/-->
<quadcept_library>
  <setting unit="mil" />
  <textstyle name="Default" height="47.244094488189" strokewidth="7.8740157480315" charwidth="47.244094488189" />
  <textstyle name="Dimension" height="19.6850393700787" strokewidth="0" charwidth="19.6850393700787" />
  <textstyle name="H127W0635TH00762" height="50" strokewidth="3" charwidth="25" />
  <textstyle name="H15W15TH02" height="59.0551181102362" strokewidth="7.8740157480315" charwidth="59.0551181102362" />
  <padstyle name="r50_41" surface="True" plated="False" isvia="False" nopaste="False" nomask="True" complex="False" holesize="0">
    <padshape layer="TOP" shape="rectangle" width="16.141732283464" height="19.685039370078" />
    <padshape layer="TOP_SOLDER_MASK" shape="rectangle" width="24.015748031496" height="27.55905511811" />
    <padshape layer="TOP_SOLDER_PASTE" shape="rectangle" width="16.141732283464" height="19.685039370078" />
  </padstyle>
  <padstyle name="r63_50" surface="True" plated="False" isvia="False" nopaste="False" nomask="True" complex="False" holesize="0">
    <padshape layer="TOP" shape="rectangle" width="19.685039370078" height="24.803149606299" />
    <padshape layer="TOP_SOLDER_MASK" shape="rectangle" width="27.55905511811" height="32.67716535433" />
    <padshape layer="TOP_SOLDER_PASTE" shape="rectangle" width="19.685039370078" height="24.803149606299" />
  </padstyle>
  <padstyle name="r245_190" surface="True" plated="False" isvia="False" nopaste="False" nomask="True" complex="False" holesize="0">
    <padshape layer="TOP" shape="rectangle" width="74.803149606298" height="96.456692913385" />
    <padshape layer="TOP_SOLDER_MASK" shape="rectangle" width="82.67716535433" height="104.33070866142" />
    <padshape layer="TOP_SOLDER_PASTE" shape="rectangle" width="74.803149606298" height="96.456692913385" />
  </padstyle>
  <footprint name="DQG_VSON-CLIP" originx="0" originy="0" pickpointx="0" pickpointy="0">
    <pcbpin number="1" name="1" style="r63_50" originx="-38.385826771653" originy="-56.496062992125" rotation="0" />
    <pcbpin number="2" name="2" style="r63_50" originx="-12.795275590551" originy="-56.496062992125" rotation="0" />
    <pcbpin number="3" name="3" style="r63_50" originx="12.795275590551" originy="-56.496062992125" rotation="0" />
    <pcbpin number="4" name="4" style="r63_50" originx="38.385826771653" originy="-56.496062992125" rotation="0" />
    <pcbpin number="5" name="5" style="r50_41" originx="38.385826771653" originy="60.826771653543" rotation="90" />
    <pcbpin number="6" name="6" style="r50_41" originx="12.795275590551" originy="60.826771653543" rotation="90" />
    <pcbpin number="7" name="7" style="r50_41" originx="-12.795275590551" originy="60.826771653543" rotation="90" />
    <pcbpin number="8" name="8" style="r50_41" originx="-38.385826771653" originy="60.826771653543" rotation="90" />
    <pcbpin number="9" name="9" style="r245_190" originx="0" originy="15.354330708661" rotation="90" />
    <line layer="TOP_ASSEMBLY" originx="-64.960629921259" originy="64.960629921259" endx="64.960629921259" endy="64.960629921259" width="7.8740157480314" />
    <line layer="TOP_ASSEMBLY" originx="64.960629921259" originy="64.960629921259" endx="64.960629921259" endy="-64.960629921259" width="7.8740157480314" />
    <line layer="TOP_ASSEMBLY" originx="64.960629921259" originy="-64.960629921259" endx="-64.960629921259" endy="-64.960629921259" width="7.8740157480314" />
    <line layer="TOP_ASSEMBLY" originx="-64.960629921259" originy="-64.960629921259" endx="-64.960629921259" endy="64.960629921259" width="7.8740157480314" />
    <line layer="TOP_SILKSCREEN" originx="-64.960629921259" originy="64.960629921259" endx="-64.960629921259" endy="-64.960629921259" width="7.8740157480314" />
    <line layer="TOP_SILKSCREEN" originx="64.960629921259" originy="-64.960629921259" endx="64.960629921259" endy="64.960629921259" width="7.8740157480314" />
    <arc layer="TOP_SILKSCREEN" originx="-39.409448818897" originy="-76.614173228346" startangle="180" sweepangle="180" radius="1.0629921259842" width="7.8740157480314" />
    <arc layer="TOP_SILKSCREEN" originx="-39.409448818897" originy="-76.614173228346" startangle="180" sweepangle="-180" radius="1.0629921259842" width="7.8740157480314" />
  </footprint>
  <symbol name="CSD16406Q3" originx="0" originy="0">
    <line originx="200" originy="100" endx="800" endy="100" width="0" />
    <line originx="800" originy="-400" endx="800" endy="100" width="0" />
    <line originx="800" originy="-400" endx="200" endy="-400" width="0" />
    <line originx="200" originy="100" endx="200" endy="-400" width="0" />
    <sympin number="1" originx="200" originy="0" rotation="180" length="100" width="7.8740157480315" flipped="False">
      <text name="pinname" originx="230" originy="0" style="Default" rotation="0" justify="left" flipped="False" hidden="False" data="S_1" />
      <text name="pindes" originx="140" originy="20" style="Default" rotation="0" justify="lowerright" flipped="False" hidden="False" data="1" />
    </sympin>
    <sympin number="2" originx="200" originy="-100" rotation="180" length="100" width="7.8740157480315" flipped="False">
      <text name="pinname" originx="230" originy="-100" style="Default" rotation="0" justify="left" flipped="False" hidden="False" data="S_2" />
      <text name="pindes" originx="140" originy="-80" style="Default" rotation="0" justify="lowerright" flipped="False" hidden="False" data="2" />
    </sympin>
    <sympin number="3" originx="200" originy="-200" rotation="180" length="100" width="7.8740157480315" flipped="False">
      <text name="pinname" originx="230" originy="-200" style="Default" rotation="0" justify="left" flipped="False" hidden="False" data="S_3" />
      <text name="pindes" originx="140" originy="-180" style="Default" rotation="0" justify="lowerright" flipped="False" hidden="False" data="3" />
    </sympin>
    <sympin number="4" originx="200" originy="-300" rotation="180" length="100" width="7.8740157480315" flipped="False">
      <text name="pinname" originx="230" originy="-300" style="Default" rotation="0" justify="left" flipped="False" hidden="False" data="G" />
      <text name="pindes" originx="140" originy="-280" style="Default" rotation="0" justify="lowerright" flipped="False" hidden="False" data="4" />
    </sympin>
    <sympin number="5" originx="800" originy="0" rotation="0" length="100" width="7.8740157480315" flipped="False">
      <text name="pinname" originx="770" originy="0" style="Default" rotation="0" justify="right" flipped="False" hidden="False" data="D_1" />
      <text name="pindes" originx="860" originy="20" style="Default" rotation="0" justify="lowerleft" flipped="False" hidden="False" data="5" />
    </sympin>
    <sympin number="6" originx="800" originy="-100" rotation="0" length="100" width="7.8740157480315" flipped="False">
      <text name="pinname" originx="770" originy="-100" style="Default" rotation="0" justify="right" flipped="False" hidden="False" data="D_2" />
      <text name="pindes" originx="860" originy="-80" style="Default" rotation="0" justify="lowerleft" flipped="False" hidden="False" data="6" />
    </sympin>
    <sympin number="7" originx="800" originy="-200" rotation="0" length="100" width="7.8740157480315" flipped="False">
      <text name="pinname" originx="770" originy="-200" style="Default" rotation="0" justify="right" flipped="False" hidden="False" data="D_3" />
      <text name="pindes" originx="860" originy="-180" style="Default" rotation="0" justify="lowerleft" flipped="False" hidden="False" data="7" />
    </sympin>
    <sympin number="8" originx="800" originy="-300" rotation="0" length="100" width="7.8740157480315" flipped="False">
      <text name="pinname" originx="770" originy="-300" style="Default" rotation="0" justify="right" flipped="False" hidden="False" data="D_4" />
      <text name="pindes" originx="860" originy="-280" style="Default" rotation="0" justify="lowerleft" flipped="False" hidden="False" data="8" />
    </sympin>
  </symbol>
  <component name="CSD16406Q3" designatorprefix="Q" height="0" footprint="DQG_VSON-CLIP">
    <comppin designator="1" sympin="1" pinswap="0" gateswap="0" gate="1" group="1" side="" type="Any" name="S_1" />
    <comppin designator="2" sympin="2" pinswap="0" gateswap="0" gate="1" group="1" side="" type="Any" name="S_2" />
    <comppin designator="3" sympin="3" pinswap="0" gateswap="0" gate="1" group="1" side="" type="Any" name="S_3" />
    <comppin designator="4" sympin="4" pinswap="0" gateswap="0" gate="1" group="1" side="" type="Any" name="G" />
    <comppin designator="5" sympin="5" pinswap="0" gateswap="0" gate="1" group="1" side="" type="Any" name="D_1" />
    <comppin designator="6" sympin="6" pinswap="0" gateswap="0" gate="1" group="1" side="" type="Any" name="D_2" />
    <comppin designator="7" sympin="7" pinswap="0" gateswap="0" gate="1" group="1" side="" type="Any" name="D_3" />
    <comppin designator="8" sympin="8" pinswap="0" gateswap="0" gate="1" group="1" side="" type="Any" name="D_4" />
    <attached_symbol gate="1" name="CSD16406Q3" />
    <pinmap designator="1" footprintpin="1" />
    <pinmap designator="2" footprintpin="2" />
    <pinmap designator="3" footprintpin="3" />
    <pinmap designator="4" footprintpin="4" />
    <pinmap designator="5" footprintpin="5" />
    <pinmap designator="6" footprintpin="6" />
    <pinmap designator="7" footprintpin="7" />
    <pinmap designator="8" footprintpin="8" />
    <text name="Datasheet" originx="0" originy="0" style="Default" rotation="0" justify="" flipped="False" hidden="True" data="http://www.ti.com/lit/gpn/csd16406q3" />
    <text name="Description" originx="0" originy="0" style="Default" rotation="0" justify="" flipped="False" hidden="True" data="25V, N ch NexFET MOSFET, single SON3x3, 7.4mOhm" />
    <text name="Manufacturer_Name" originx="0" originy="0" style="Default" rotation="0" justify="" flipped="False" hidden="True" data="Texas Instruments" />
    <text name="Manufacturer_Part_Number" originx="850" originy="200" style="Default" rotation="0" justify="left" flipped="False" hidden="False" data="CSD16406Q3" />
    <text name="Mouser Part Number" originx="0" originy="0" style="Default" rotation="0" justify="" flipped="False" hidden="True" data="595-CSD16406Q3" />
    <text name="Mouser Price/Stock" originx="0" originy="0" style="Default" rotation="0" justify="" flipped="False" hidden="True" data="https://www.mouser.co.uk/ProductDetail/Texas-Instruments/CSD16406Q3?qs=SuDOdTVxq4Wogv4PDdDFZA%3D%3D" />
    <text name="Arrow Part Number" originx="0" originy="0" style="Default" rotation="0" justify="" flipped="False" hidden="True" data="CSD16406Q3" />
    <text name="Arrow Price/Stock" originx="0" originy="0" style="Default" rotation="0" justify="" flipped="False" hidden="True" data="https://www.arrow.com/en/products/csd16406q3/texas-instruments?region=nac" />
  </component>
</quadcept_library>
