<?xml version="1.0" encoding="utf-8"?>
<!--/12800942/1106763/2.50/6/0/Connector/-->
<quadcept_library>
  <setting unit="mil" />
  <textstyle name="Default" height="47.244094488189" strokewidth="7.8740157480315" charwidth="47.244094488189" />
  <textstyle name="Dimension" height="19.6850393700787" strokewidth="0" charwidth="19.6850393700787" />
  <textstyle name="H127W0635TH00762" height="50" strokewidth="3" charwidth="25" />
  <textstyle name="H15W15TH02" height="59.0551181102362" strokewidth="7.8740157480315" charwidth="59.0551181102362" />
  <padstyle name="c110_h86.3" surface="False" plated="True" isvia="False" nopaste="True" nomask="True" complex="False" holesize="33.976377952755">
    <padshape layer="TOP" shape="round" width="43.307086614173" height="43.307086614173" />
    <padshape layer="TOP_SOLDER_MASK" shape="round" width="51.181102362204" height="51.181102362204" />
    <padshape layer="INNER" shape="round" width="43.307086614173" height="43.307086614173" />
    <padshape layer="BOTTOM" shape="round" width="43.307086614173" height="43.307086614173" />
    <padshape layer="BOTTOM_SOLDER_MASK" shape="round" width="51.181102362204" height="51.181102362204" />
  </padstyle>
  <padstyle name="c53.3_h106.7" surface="False" plated="True" isvia="False" nopaste="True" nomask="True" complex="False" holesize="42.007874015748">
    <padshape layer="TOP" shape="round" width="20.984251968504" height="20.984251968504" />
    <padshape layer="TOP_SOLDER_MASK" shape="round" width="28.858267716535" height="28.858267716535" />
    <padshape layer="INNER" shape="round" width="20.984251968504" height="20.984251968504" />
    <padshape layer="BOTTOM" shape="round" width="20.984251968504" height="20.984251968504" />
    <padshape layer="BOTTOM_SOLDER_MASK" shape="round" width="28.858267716535" height="28.858267716535" />
  </padstyle>
  <footprint name="TC2030MCPNL10" originx="0" originy="0" pickpointx="0" pickpointy="0">
    <pcbpin number="1" name="1" style="c110_h86.3" originx="0" originy="0" rotation="90" />
    <pcbpin number="2" name="2" style="c110_h86.3" originx="0" originy="49.999999999999" rotation="90" />
    <pcbpin number="3" name="3" style="c110_h86.3" originx="49.999999999999" originy="0" rotation="90" />
    <pcbpin number="4" name="4" style="c110_h86.3" originx="49.999999999999" originy="49.999999999999" rotation="90" />
    <pcbpin number="5" name="5" style="c110_h86.3" originx="99.999999999999" originy="0" rotation="90" />
    <pcbpin number="6" name="6" style="c110_h86.3" originx="99.999999999999" originy="49.999999999999" rotation="90" />
    <pcbpin number="7" name="MH1" style="c53.3_h106.7" originx="-49.999999999999" originy="25" rotation="90" />
    <pcbpin number="8" name="MH2" style="c53.3_h106.7" originx="150" originy="-15" rotation="90" />
    <pcbpin number="9" name="MH3" style="c53.3_h106.7" originx="150" originy="64.999999999999" rotation="90" />
    <line layer="TOP_ASSEMBLY" originx="-145" originy="145" endx="245" endy="145" width="7.8740157480314" />
    <line layer="TOP_ASSEMBLY" originx="245" originy="145" endx="245" endy="-94.999999999999" width="7.8740157480314" />
    <line layer="TOP_ASSEMBLY" originx="245" originy="-94.999999999999" endx="-145" endy="-94.999999999999" width="7.8740157480314" />
    <line layer="TOP_ASSEMBLY" originx="-145" originy="-94.999999999999" endx="-145" endy="145" width="7.8740157480314" />
    <line layer="TOP_SILKSCREEN" originx="-145" originy="145" endx="245" endy="145" width="3.9370078740157" />
    <line layer="TOP_SILKSCREEN" originx="245" originy="145" endx="245" endy="-94.999999999999" width="3.9370078740157" />
    <line layer="TOP_SILKSCREEN" originx="245" originy="-94.999999999999" endx="-145" endy="-94.999999999999" width="3.9370078740157" />
    <line layer="TOP_SILKSCREEN" originx="-145" originy="-94.999999999999" endx="-145" endy="145" width="3.9370078740157" />
    <line layer="TOP_PLACE_BOUND" originx="-184.37007874016" originy="184.37007874016" endx="284.37007874015" endy="184.37007874016" width="3.9370078740157" />
    <line layer="TOP_PLACE_BOUND" originx="284.37007874015" originy="184.37007874016" endx="284.37007874015" endy="-153.54330708661" width="3.9370078740157" />
    <line layer="TOP_PLACE_BOUND" originx="284.37007874015" originy="-153.54330708661" endx="-184.37007874016" endy="-153.54330708661" width="3.9370078740157" />
    <line layer="TOP_PLACE_BOUND" originx="-184.37007874016" originy="-153.54330708661" endx="-184.37007874016" endy="184.37007874016" width="3.9370078740157" />
    <line layer="TOP_SILKSCREEN" originx="0" originy="-110.23622047244" endx="0" endy="-110.23622047244" width="7.8740157480314" />
    <arc layer="TOP_SILKSCREEN" originx="3.2782175923971E-15" originy="-114.17322834646" startangle="90.0" sweepangle="180.0" radius="3.9370078740157" width="7.8740157480314" />
    <line layer="TOP_SILKSCREEN" originx="0" originy="-118.11023622047" endx="0" endy="-118.11023622047" width="7.8740157480314" />
    <arc layer="TOP_SILKSCREEN" originx="3.2782175923971E-15" originy="-114.17322834646" startangle="-90.0" sweepangle="180.0" radius="3.9370078740157" width="7.8740157480314" />
  </footprint>
  <symbol name="TC2030-MCP-NL-10" originx="0" originy="0">
    <line originx="200" originy="100" endx="1800" endy="100" width="0" />
    <line originx="1800" originy="-300" endx="1800" endy="100" width="0" />
    <line originx="1800" originy="-300" endx="200" endy="-300" width="0" />
    <line originx="200" originy="100" endx="200" endy="-300" width="0" />
    <sympin number="1" originx="200" originy="0" rotation="180" length="100" width="7.8740157480315" flipped="False">
      <text name="pinname" originx="230" originy="0" style="Default" rotation="0" justify="left" flipped="False" hidden="False" data="MCLR_/_VPP" />
      <text name="pindes" originx="140" originy="20" style="Default" rotation="0" justify="lowerright" flipped="False" hidden="False" data="1" />
    </sympin>
    <sympin number="2" originx="1800" originy="0" rotation="0" length="100" width="7.8740157480315" flipped="False">
      <text name="pinname" originx="1770" originy="0" style="Default" rotation="0" justify="right" flipped="False" hidden="False" data="VDD" />
      <text name="pindes" originx="1860" originy="20" style="Default" rotation="0" justify="lowerleft" flipped="False" hidden="False" data="2" />
    </sympin>
    <sympin number="3" originx="200" originy="-100" rotation="180" length="100" width="7.8740157480315" flipped="False">
      <text name="pinname" originx="230" originy="-100" style="Default" rotation="0" justify="left" flipped="False" hidden="False" data="GND" />
      <text name="pindes" originx="140" originy="-80" style="Default" rotation="0" justify="lowerright" flipped="False" hidden="False" data="3" />
    </sympin>
    <sympin number="4" originx="1800" originy="-100" rotation="0" length="100" width="7.8740157480315" flipped="False">
      <text name="pinname" originx="1770" originy="-100" style="Default" rotation="0" justify="right" flipped="False" hidden="False" data="PGD(ICSP_DAT)" />
      <text name="pindes" originx="1860" originy="-80" style="Default" rotation="0" justify="lowerleft" flipped="False" hidden="False" data="4" />
    </sympin>
    <sympin number="5" originx="200" originy="-200" rotation="180" length="100" width="7.8740157480315" flipped="False">
      <text name="pinname" originx="230" originy="-200" style="Default" rotation="0" justify="left" flipped="False" hidden="False" data="PGC(ICSP_CLK)" />
      <text name="pindes" originx="140" originy="-180" style="Default" rotation="0" justify="lowerright" flipped="False" hidden="False" data="5" />
    </sympin>
    <sympin number="6" originx="1800" originy="-200" rotation="0" length="100" width="7.8740157480315" flipped="False">
      <text name="pinname" originx="1770" originy="-200" style="Default" rotation="0" justify="right" flipped="False" hidden="False" data="NC_/_LVP" />
      <text name="pindes" originx="1860" originy="-180" style="Default" rotation="0" justify="lowerleft" flipped="False" hidden="False" data="6" />
    </sympin>
  </symbol>
  <component name="TC2030-MCP-NL-10" designatorprefix="J" height="5999.9999999999" footprint="TC2030MCPNL10">
    <comppin designator="1" sympin="1" pinswap="0" gateswap="0" gate="1" group="1" side="" type="Any" name="MCLR_/_VPP" />
    <comppin designator="2" sympin="2" pinswap="0" gateswap="0" gate="1" group="1" side="" type="Any" name="VDD" />
    <comppin designator="3" sympin="3" pinswap="0" gateswap="0" gate="1" group="1" side="" type="Any" name="GND" />
    <comppin designator="4" sympin="4" pinswap="0" gateswap="0" gate="1" group="1" side="" type="Any" name="PGD(ICSP_DAT)" />
    <comppin designator="5" sympin="5" pinswap="0" gateswap="0" gate="1" group="1" side="" type="Any" name="PGC(ICSP_CLK)" />
    <comppin designator="6" sympin="6" pinswap="0" gateswap="0" gate="1" group="1" side="" type="Any" name="NC_/_LVP" />
    <attached_symbol gate="1" name="TC2030-MCP-NL-10" />
    <pinmap designator="1" footprintpin="1" />
    <pinmap designator="2" footprintpin="2" />
    <pinmap designator="3" footprintpin="3" />
    <pinmap designator="4" footprintpin="4" />
    <pinmap designator="5" footprintpin="5" />
    <pinmap designator="6" footprintpin="6" />
    <text name="Datasheet" originx="0" originy="0" style="Default" rotation="0" justify="" flipped="False" hidden="True" data="https://www.tag-connect.com/wp-content/uploads/bsk-pdf-manager/TC2030-MCP-NL_PCB_Footprint_5.pdf" />
    <text name="Description" originx="0" originy="0" style="Default" rotation="0" justify="" flipped="False" hidden="True" data="MPLAB REAL ICE, ICD 3, PICkit 3, PICkit 2 Plug-Of-Nails Adapter Cable" />
    <text name="Manufacturer_Name" originx="0" originy="0" style="Default" rotation="0" justify="" flipped="False" hidden="True" data="Tag Connect" />
    <text name="Manufacturer_Part_Number" originx="1850" originy="200" style="Default" rotation="0" justify="left" flipped="False" hidden="False" data="TC2030-MCP-NL-10" />
    <text name="Mouser Part Number" originx="0" originy="0" style="Default" rotation="0" justify="" flipped="False" hidden="True" data="" />
    <text name="Mouser Price/Stock" originx="0" originy="0" style="Default" rotation="0" justify="" flipped="False" hidden="True" data="" />
    <text name="Arrow Part Number" originx="0" originy="0" style="Default" rotation="0" justify="" flipped="False" hidden="True" data="" />
    <text name="Arrow Price/Stock" originx="0" originy="0" style="Default" rotation="0" justify="" flipped="False" hidden="True" data="" />
  </component>
</quadcept_library>
