<?xml version="1.0" encoding="utf-8"?>
<!--/3250779/1106763/2.50/37/3/Integrated Circuit/-->
<quadcept_library>
  <setting unit="mil" />
  <textstyle name="Default" height="47.244094488189" strokewidth="7.8740157480315" charwidth="47.244094488189" />
  <textstyle name="Dimension" height="19.6850393700787" strokewidth="0" charwidth="19.6850393700787" />
  <textstyle name="H127W0635TH00762" height="50" strokewidth="3" charwidth="25" />
  <textstyle name="H15W15TH02" height="59.0551181102362" strokewidth="7.8740157480315" charwidth="59.0551181102362" />
  <padstyle name="r90_30" surface="True" plated="False" isvia="False" nopaste="False" nomask="True" complex="False" holesize="0">
    <padshape layer="TOP" shape="rectangle" width="11.811023622047" height="35.433070866141" />
    <padshape layer="TOP_SOLDER_PASTE" shape="rectangle" width="11.811023622047" height="35.433070866141" />
    <padshape layer="TOP_SOLDER_MASK" shape="rectangle" width="19.685039370078" height="43.307086614173" />
  </padstyle>
  <padstyle name="r450_450" surface="True" plated="False" isvia="False" nopaste="False" nomask="True" complex="False" holesize="0">
    <padshape layer="TOP" shape="rectangle" width="177.16535433071" height="177.16535433071" />
    <padshape layer="TOP_SOLDER_MASK" shape="rectangle" width="185.03937007874" height="185.03937007874" />
    <padshape layer="TOP_SOLDER_PASTE" shape="rectangle" width="177.16535433071" height="177.16535433071" />
  </padstyle>
  <footprint name="QFN50P600X600X100-37N" originx="0" originy="0" pickpointx="0" pickpointy="0">
    <pcbpin number="1" name="1" style="r90_30" originx="-114.17322834646" originy="78.740157480314" rotation="90" />
    <pcbpin number="2" name="2" style="r90_30" originx="-114.17322834646" originy="59.055118110235" rotation="90" />
    <pcbpin number="3" name="3" style="r90_30" originx="-114.17322834646" originy="39.370078740157" rotation="90" />
    <pcbpin number="4" name="4" style="r90_30" originx="-114.17322834646" originy="19.685039370078" rotation="90" />
    <pcbpin number="5" name="5" style="r90_30" originx="-114.17322834646" originy="0" rotation="90" />
    <pcbpin number="6" name="6" style="r90_30" originx="-114.17322834646" originy="-19.685039370078" rotation="90" />
    <pcbpin number="7" name="7" style="r90_30" originx="-114.17322834646" originy="-39.370078740157" rotation="90" />
    <pcbpin number="8" name="8" style="r90_30" originx="-114.17322834646" originy="-59.055118110235" rotation="90" />
    <pcbpin number="9" name="9" style="r90_30" originx="-114.17322834646" originy="-78.740157480314" rotation="90" />
    <pcbpin number="10" name="10" style="r90_30" originx="-78.740157480314" originy="-114.17322834646" rotation="0" />
    <pcbpin number="11" name="11" style="r90_30" originx="-59.055118110235" originy="-114.17322834646" rotation="0" />
    <pcbpin number="12" name="12" style="r90_30" originx="-39.370078740157" originy="-114.17322834646" rotation="0" />
    <pcbpin number="13" name="13" style="r90_30" originx="-19.685039370078" originy="-114.17322834646" rotation="0" />
    <pcbpin number="14" name="14" style="r90_30" originx="0" originy="-114.17322834646" rotation="0" />
    <pcbpin number="15" name="15" style="r90_30" originx="19.685039370078" originy="-114.17322834646" rotation="0" />
    <pcbpin number="16" name="16" style="r90_30" originx="39.370078740157" originy="-114.17322834646" rotation="0" />
    <pcbpin number="17" name="17" style="r90_30" originx="59.055118110235" originy="-114.17322834646" rotation="0" />
    <pcbpin number="18" name="18" style="r90_30" originx="78.740157480314" originy="-114.17322834646" rotation="0" />
    <pcbpin number="19" name="19" style="r90_30" originx="114.17322834646" originy="-78.740157480314" rotation="90" />
    <pcbpin number="20" name="20" style="r90_30" originx="114.17322834646" originy="-59.055118110235" rotation="90" />
    <pcbpin number="21" name="21" style="r90_30" originx="114.17322834646" originy="-39.370078740157" rotation="90" />
    <pcbpin number="22" name="22" style="r90_30" originx="114.17322834646" originy="-19.685039370078" rotation="90" />
    <pcbpin number="23" name="23" style="r90_30" originx="114.17322834646" originy="0" rotation="90" />
    <pcbpin number="24" name="24" style="r90_30" originx="114.17322834646" originy="19.685039370078" rotation="90" />
    <pcbpin number="25" name="25" style="r90_30" originx="114.17322834646" originy="39.370078740157" rotation="90" />
    <pcbpin number="26" name="26" style="r90_30" originx="114.17322834646" originy="59.055118110235" rotation="90" />
    <pcbpin number="27" name="27" style="r90_30" originx="114.17322834646" originy="78.740157480314" rotation="90" />
    <pcbpin number="28" name="28" style="r90_30" originx="78.740157480314" originy="114.17322834646" rotation="0" />
    <pcbpin number="29" name="29" style="r90_30" originx="59.055118110235" originy="114.17322834646" rotation="0" />
    <pcbpin number="30" name="30" style="r90_30" originx="39.370078740157" originy="114.17322834646" rotation="0" />
    <pcbpin number="31" name="31" style="r90_30" originx="19.685039370078" originy="114.17322834646" rotation="0" />
    <pcbpin number="32" name="32" style="r90_30" originx="0" originy="114.17322834646" rotation="0" />
    <pcbpin number="33" name="33" style="r90_30" originx="-19.685039370078" originy="114.17322834646" rotation="0" />
    <pcbpin number="34" name="34" style="r90_30" originx="-39.370078740157" originy="114.17322834646" rotation="0" />
    <pcbpin number="35" name="35" style="r90_30" originx="-59.055118110235" originy="114.17322834646" rotation="0" />
    <pcbpin number="36" name="36" style="r90_30" originx="-78.740157480314" originy="114.17322834646" rotation="0" />
    <pcbpin number="37" name="37" style="r450_450" originx="0" originy="0" rotation="0" />
    <line layer="TOP_PLACE_BOUND" originx="-141.73228346457" originy="141.73228346457" endx="141.73228346457" endy="141.73228346457" width="1.9685039370079" />
    <line layer="TOP_PLACE_BOUND" originx="141.73228346457" originy="141.73228346457" endx="141.73228346457" endy="-141.73228346457" width="1.9685039370079" />
    <line layer="TOP_PLACE_BOUND" originx="141.73228346457" originy="-141.73228346457" endx="-141.73228346457" endy="-141.73228346457" width="1.9685039370079" />
    <line layer="TOP_PLACE_BOUND" originx="-141.73228346457" originy="-141.73228346457" endx="-141.73228346457" endy="141.73228346457" width="1.9685039370079" />
    <line layer="TOP_ASSEMBLY" originx="-118.11023622047" originy="118.11023622047" endx="118.11023622047" endy="118.11023622047" width="3.9370078740157" />
    <line layer="TOP_ASSEMBLY" originx="118.11023622047" originy="118.11023622047" endx="118.11023622047" endy="-118.11023622047" width="3.9370078740157" />
    <line layer="TOP_ASSEMBLY" originx="118.11023622047" originy="-118.11023622047" endx="-118.11023622047" endy="-118.11023622047" width="3.9370078740157" />
    <line layer="TOP_ASSEMBLY" originx="-118.11023622047" originy="-118.11023622047" endx="-118.11023622047" endy="118.11023622047" width="3.9370078740157" />
    <line layer="TOP_ASSEMBLY" originx="-118.11023622047" originy="98.425196850392" endx="-98.425196850392" endy="118.11023622047" width="3.9370078740157" />
    <arc layer="TOP_SILKSCREEN" originx="-131.88976377953" originy="108.26771653543" startangle="180" sweepangle="180" radius="4.9212598425196" width="9.8425196850392" />
    <arc layer="TOP_SILKSCREEN" originx="-131.88976377953" originy="108.26771653543" startangle="180" sweepangle="-180" radius="4.9212598425196" width="9.8425196850392" />
  </footprint>
  <symbol name="CC1110F16RHHR" originx="0" originy="0">
    <line originx="200" originy="700" endx="1300" endy="700" width="0" />
    <line originx="1300" originy="-1700" endx="1300" endy="700" width="0" />
    <line originx="1300" originy="-1700" endx="200" endy="-1700" width="0" />
    <line originx="200" originy="700" endx="200" endy="-1700" width="0" />
    <sympin number="1" originx="200" originy="0" rotation="180" length="100" width="7.8740157480315" flipped="False">
      <text name="pinname" originx="230" originy="0" style="Default" rotation="0" justify="left" flipped="False" hidden="False" data="P1_2" />
      <text name="pindes" originx="140" originy="20" style="Default" rotation="0" justify="lowerright" flipped="False" hidden="False" data="1" />
    </sympin>
    <sympin number="2" originx="200" originy="-100" rotation="180" length="100" width="7.8740157480315" flipped="False">
      <text name="pinname" originx="230" originy="-100" style="Default" rotation="0" justify="left" flipped="False" hidden="False" data="DVDD_1" />
      <text name="pindes" originx="140" originy="-80" style="Default" rotation="0" justify="lowerright" flipped="False" hidden="False" data="2" />
    </sympin>
    <sympin number="3" originx="200" originy="-200" rotation="180" length="100" width="7.8740157480315" flipped="False">
      <text name="pinname" originx="230" originy="-200" style="Default" rotation="0" justify="left" flipped="False" hidden="False" data="P1_1" />
      <text name="pindes" originx="140" originy="-180" style="Default" rotation="0" justify="lowerright" flipped="False" hidden="False" data="3" />
    </sympin>
    <sympin number="4" originx="200" originy="-300" rotation="180" length="100" width="7.8740157480315" flipped="False">
      <text name="pinname" originx="230" originy="-300" style="Default" rotation="0" justify="left" flipped="False" hidden="False" data="P1_0" />
      <text name="pindes" originx="140" originy="-280" style="Default" rotation="0" justify="lowerright" flipped="False" hidden="False" data="4" />
    </sympin>
    <sympin number="5" originx="200" originy="-400" rotation="180" length="100" width="7.8740157480315" flipped="False">
      <text name="pinname" originx="230" originy="-400" style="Default" rotation="0" justify="left" flipped="False" hidden="False" data="P0_0" />
      <text name="pindes" originx="140" originy="-380" style="Default" rotation="0" justify="lowerright" flipped="False" hidden="False" data="5" />
    </sympin>
    <sympin number="6" originx="200" originy="-500" rotation="180" length="100" width="7.8740157480315" flipped="False">
      <text name="pinname" originx="230" originy="-500" style="Default" rotation="0" justify="left" flipped="False" hidden="False" data="P0_1" />
      <text name="pindes" originx="140" originy="-480" style="Default" rotation="0" justify="lowerright" flipped="False" hidden="False" data="6" />
    </sympin>
    <sympin number="7" originx="200" originy="-600" rotation="180" length="100" width="7.8740157480315" flipped="False">
      <text name="pinname" originx="230" originy="-600" style="Default" rotation="0" justify="left" flipped="False" hidden="False" data="P0_2" />
      <text name="pindes" originx="140" originy="-580" style="Default" rotation="0" justify="lowerright" flipped="False" hidden="False" data="7" />
    </sympin>
    <sympin number="8" originx="200" originy="-700" rotation="180" length="100" width="7.8740157480315" flipped="False">
      <text name="pinname" originx="230" originy="-700" style="Default" rotation="0" justify="left" flipped="False" hidden="False" data="P0_3" />
      <text name="pindes" originx="140" originy="-680" style="Default" rotation="0" justify="lowerright" flipped="False" hidden="False" data="8" />
    </sympin>
    <sympin number="9" originx="200" originy="-800" rotation="180" length="100" width="7.8740157480315" flipped="False">
      <text name="pinname" originx="230" originy="-800" style="Default" rotation="0" justify="left" flipped="False" hidden="False" data="P0_4" />
      <text name="pindes" originx="140" originy="-780" style="Default" rotation="0" justify="lowerright" flipped="False" hidden="False" data="9" />
    </sympin>
    <sympin number="10" originx="300" originy="-1700" rotation="270" length="100" width="7.8740157480315" flipped="False">
      <text name="pinname" originx="300" originy="-1670" style="Default" rotation="0" justify="left" flipped="False" hidden="False" data="DVDD_2" />
      <text name="pindes" originx="280" originy="-1760" style="Default" rotation="0" justify="lowerright" flipped="False" hidden="False" data="10" />
    </sympin>
    <sympin number="11" originx="400" originy="-1700" rotation="270" length="100" width="7.8740157480315" flipped="False">
      <text name="pinname" originx="400" originy="-1670" style="Default" rotation="0" justify="left" flipped="False" hidden="False" data="P0_5" />
      <text name="pindes" originx="380" originy="-1760" style="Default" rotation="0" justify="lowerright" flipped="False" hidden="False" data="11" />
    </sympin>
    <sympin number="12" originx="500" originy="-1700" rotation="270" length="100" width="7.8740157480315" flipped="False">
      <text name="pinname" originx="500" originy="-1670" style="Default" rotation="0" justify="left" flipped="False" hidden="False" data="P0_6" />
      <text name="pindes" originx="480" originy="-1760" style="Default" rotation="0" justify="lowerright" flipped="False" hidden="False" data="12" />
    </sympin>
    <sympin number="13" originx="600" originy="-1700" rotation="270" length="100" width="7.8740157480315" flipped="False">
      <text name="pinname" originx="600" originy="-1670" style="Default" rotation="0" justify="left" flipped="False" hidden="False" data="P0_7" />
      <text name="pindes" originx="580" originy="-1760" style="Default" rotation="0" justify="lowerright" flipped="False" hidden="False" data="13" />
    </sympin>
    <sympin number="14" originx="700" originy="-1700" rotation="270" length="100" width="7.8740157480315" flipped="False">
      <text name="pinname" originx="700" originy="-1670" style="Default" rotation="0" justify="left" flipped="False" hidden="False" data="P2_0" />
      <text name="pindes" originx="680" originy="-1760" style="Default" rotation="0" justify="lowerright" flipped="False" hidden="False" data="14" />
    </sympin>
    <sympin number="15" originx="800" originy="-1700" rotation="270" length="100" width="7.8740157480315" flipped="False">
      <text name="pinname" originx="800" originy="-1670" style="Default" rotation="0" justify="left" flipped="False" hidden="False" data="P2_1" />
      <text name="pindes" originx="780" originy="-1760" style="Default" rotation="0" justify="lowerright" flipped="False" hidden="False" data="15" />
    </sympin>
    <sympin number="16" originx="900" originy="-1700" rotation="270" length="100" width="7.8740157480315" flipped="False">
      <text name="pinname" originx="900" originy="-1670" style="Default" rotation="0" justify="left" flipped="False" hidden="False" data="P2_2" />
      <text name="pindes" originx="880" originy="-1760" style="Default" rotation="0" justify="lowerright" flipped="False" hidden="False" data="16" />
    </sympin>
    <sympin number="17" originx="1000" originy="-1700" rotation="270" length="100" width="7.8740157480315" flipped="False">
      <text name="pinname" originx="1000" originy="-1670" style="Default" rotation="0" justify="left" flipped="False" hidden="False" data="P2_3/XSOC32_Q1" />
      <text name="pindes" originx="980" originy="-1760" style="Default" rotation="0" justify="lowerright" flipped="False" hidden="False" data="17" />
    </sympin>
    <sympin number="18" originx="1100" originy="-1700" rotation="270" length="100" width="7.8740157480315" flipped="False">
      <text name="pinname" originx="1100" originy="-1670" style="Default" rotation="0" justify="left" flipped="False" hidden="False" data="P2_4/XOSC32_Q2" />
      <text name="pindes" originx="1080" originy="-1760" style="Default" rotation="0" justify="lowerright" flipped="False" hidden="False" data="18" />
    </sympin>
    <sympin number="27" originx="1300" originy="0" rotation="0" length="100" width="7.8740157480315" flipped="False">
      <text name="pinname" originx="1270" originy="0" style="Default" rotation="0" justify="right" flipped="False" hidden="False" data="RBIAS" />
      <text name="pindes" originx="1360" originy="20" style="Default" rotation="0" justify="lowerleft" flipped="False" hidden="False" data="27" />
    </sympin>
    <sympin number="26" originx="1300" originy="-100" rotation="0" length="100" width="7.8740157480315" flipped="False">
      <text name="pinname" originx="1270" originy="-100" style="Default" rotation="0" justify="right" flipped="False" hidden="False" data="AVDD_4" />
      <text name="pindes" originx="1360" originy="-80" style="Default" rotation="0" justify="lowerleft" flipped="False" hidden="False" data="26" />
    </sympin>
    <sympin number="25" originx="1300" originy="-200" rotation="0" length="100" width="7.8740157480315" flipped="False">
      <text name="pinname" originx="1270" originy="-200" style="Default" rotation="0" justify="right" flipped="False" hidden="False" data="AVDD_3" />
      <text name="pindes" originx="1360" originy="-180" style="Default" rotation="0" justify="lowerleft" flipped="False" hidden="False" data="25" />
    </sympin>
    <sympin number="24" originx="1300" originy="-300" rotation="0" length="100" width="7.8740157480315" flipped="False">
      <text name="pinname" originx="1270" originy="-300" style="Default" rotation="0" justify="right" flipped="False" hidden="False" data="RF_N" />
      <text name="pindes" originx="1360" originy="-280" style="Default" rotation="0" justify="lowerleft" flipped="False" hidden="False" data="24" />
    </sympin>
    <sympin number="23" originx="1300" originy="-400" rotation="0" length="100" width="7.8740157480315" flipped="False">
      <text name="pinname" originx="1270" originy="-400" style="Default" rotation="0" justify="right" flipped="False" hidden="False" data="RF_P" />
      <text name="pindes" originx="1360" originy="-380" style="Default" rotation="0" justify="lowerleft" flipped="False" hidden="False" data="23" />
    </sympin>
    <sympin number="22" originx="1300" originy="-500" rotation="0" length="100" width="7.8740157480315" flipped="False">
      <text name="pinname" originx="1270" originy="-500" style="Default" rotation="0" justify="right" flipped="False" hidden="False" data="AVDD_2" />
      <text name="pindes" originx="1360" originy="-480" style="Default" rotation="0" justify="lowerleft" flipped="False" hidden="False" data="22" />
    </sympin>
    <sympin number="21" originx="1300" originy="-600" rotation="0" length="100" width="7.8740157480315" flipped="False">
      <text name="pinname" originx="1270" originy="-600" style="Default" rotation="0" justify="right" flipped="False" hidden="False" data="XOSC_Q1" />
      <text name="pindes" originx="1360" originy="-580" style="Default" rotation="0" justify="lowerleft" flipped="False" hidden="False" data="21" />
    </sympin>
    <sympin number="20" originx="1300" originy="-700" rotation="0" length="100" width="7.8740157480315" flipped="False">
      <text name="pinname" originx="1270" originy="-700" style="Default" rotation="0" justify="right" flipped="False" hidden="False" data="XOSC_Q2" />
      <text name="pindes" originx="1360" originy="-680" style="Default" rotation="0" justify="lowerleft" flipped="False" hidden="False" data="20" />
    </sympin>
    <sympin number="19" originx="1300" originy="-800" rotation="0" length="100" width="7.8740157480315" flipped="False">
      <text name="pinname" originx="1270" originy="-800" style="Default" rotation="0" justify="right" flipped="False" hidden="False" data="AVDD_1" />
      <text name="pindes" originx="1360" originy="-780" style="Default" rotation="0" justify="lowerleft" flipped="False" hidden="False" data="19" />
    </sympin>
    <sympin number="37" originx="300" originy="700" rotation="90" length="100" width="7.8740157480315" flipped="False">
      <text name="pinname" originx="300" originy="670" style="Default" rotation="0" justify="right" flipped="False" hidden="False" data="AGND" />
      <text name="pindes" originx="280" originy="760" style="Default" rotation="0" justify="lowerleft" flipped="False" hidden="False" data="37" />
    </sympin>
    <sympin number="36" originx="400" originy="700" rotation="90" length="100" width="7.8740157480315" flipped="False">
      <text name="pinname" originx="400" originy="670" style="Default" rotation="0" justify="right" flipped="False" hidden="False" data="P1_3" />
      <text name="pindes" originx="380" originy="760" style="Default" rotation="0" justify="lowerleft" flipped="False" hidden="False" data="36" />
    </sympin>
    <sympin number="35" originx="500" originy="700" rotation="90" length="100" width="7.8740157480315" flipped="False">
      <text name="pinname" originx="500" originy="670" style="Default" rotation="0" justify="right" flipped="False" hidden="False" data="P1_4" />
      <text name="pindes" originx="480" originy="760" style="Default" rotation="0" justify="lowerleft" flipped="False" hidden="False" data="35" />
    </sympin>
    <sympin number="34" originx="600" originy="700" rotation="90" length="100" width="7.8740157480315" flipped="False">
      <text name="pinname" originx="600" originy="670" style="Default" rotation="0" justify="right" flipped="False" hidden="False" data="P1_5" />
      <text name="pindes" originx="580" originy="760" style="Default" rotation="0" justify="lowerleft" flipped="False" hidden="False" data="34" />
    </sympin>
    <sympin number="33" originx="700" originy="700" rotation="90" length="100" width="7.8740157480315" flipped="False">
      <text name="pinname" originx="700" originy="670" style="Default" rotation="0" justify="right" flipped="False" hidden="False" data="P1_6" />
      <text name="pindes" originx="680" originy="760" style="Default" rotation="0" justify="lowerleft" flipped="False" hidden="False" data="33" />
    </sympin>
    <sympin number="32" originx="800" originy="700" rotation="90" length="100" width="7.8740157480315" flipped="False">
      <text name="pinname" originx="800" originy="670" style="Default" rotation="0" justify="right" flipped="False" hidden="False" data="P1_7" />
      <text name="pindes" originx="780" originy="760" style="Default" rotation="0" justify="lowerleft" flipped="False" hidden="False" data="32" />
    </sympin>
    <sympin number="31" originx="900" originy="700" rotation="90" length="100" width="7.8740157480315" flipped="False">
      <text name="pinname" originx="900" originy="670" style="Default" rotation="0" justify="right" flipped="False" hidden="False" data="RESET_N" />
      <text name="pindes" originx="880" originy="760" style="Default" rotation="0" justify="lowerleft" flipped="False" hidden="False" data="31" />
    </sympin>
    <sympin number="30" originx="1000" originy="700" rotation="90" length="100" width="7.8740157480315" flipped="False">
      <text name="pinname" originx="1000" originy="670" style="Default" rotation="0" justify="right" flipped="False" hidden="False" data="DCOUPL" />
      <text name="pindes" originx="980" originy="760" style="Default" rotation="0" justify="lowerleft" flipped="False" hidden="False" data="30" />
    </sympin>
    <sympin number="29" originx="1100" originy="700" rotation="90" length="100" width="7.8740157480315" flipped="False">
      <text name="pinname" originx="1100" originy="670" style="Default" rotation="0" justify="right" flipped="False" hidden="False" data="AVDD_DREG" />
      <text name="pindes" originx="1080" originy="760" style="Default" rotation="0" justify="lowerleft" flipped="False" hidden="False" data="29" />
    </sympin>
    <sympin number="28" originx="1200" originy="700" rotation="90" length="100" width="7.8740157480315" flipped="False">
      <text name="pinname" originx="1200" originy="670" style="Default" rotation="0" justify="right" flipped="False" hidden="False" data="GUARD" />
      <text name="pindes" originx="1180" originy="760" style="Default" rotation="0" justify="lowerleft" flipped="False" hidden="False" data="28" />
    </sympin>
  </symbol>
  <component name="CC1110F16RHHR" designatorprefix="IC" height="39.370078740157" footprint="QFN50P600X600X100-37N">
    <comppin designator="1" sympin="1" pinswap="0" gateswap="0" gate="1" group="1" side="" type="Any" name="P1_2" />
    <comppin designator="2" sympin="2" pinswap="0" gateswap="0" gate="1" group="1" side="" type="Any" name="DVDD_1" />
    <comppin designator="3" sympin="3" pinswap="0" gateswap="0" gate="1" group="1" side="" type="Any" name="P1_1" />
    <comppin designator="4" sympin="4" pinswap="0" gateswap="0" gate="1" group="1" side="" type="Any" name="P1_0" />
    <comppin designator="5" sympin="5" pinswap="0" gateswap="0" gate="1" group="1" side="" type="Any" name="P0_0" />
    <comppin designator="6" sympin="6" pinswap="0" gateswap="0" gate="1" group="1" side="" type="Any" name="P0_1" />
    <comppin designator="7" sympin="7" pinswap="0" gateswap="0" gate="1" group="1" side="" type="Any" name="P0_2" />
    <comppin designator="8" sympin="8" pinswap="0" gateswap="0" gate="1" group="1" side="" type="Any" name="P0_3" />
    <comppin designator="9" sympin="9" pinswap="0" gateswap="0" gate="1" group="1" side="" type="Any" name="P0_4" />
    <comppin designator="10" sympin="10" pinswap="0" gateswap="0" gate="1" group="1" side="" type="Any" name="DVDD_2" />
    <comppin designator="11" sympin="11" pinswap="0" gateswap="0" gate="1" group="1" side="" type="Any" name="P0_5" />
    <comppin designator="12" sympin="12" pinswap="0" gateswap="0" gate="1" group="1" side="" type="Any" name="P0_6" />
    <comppin designator="13" sympin="13" pinswap="0" gateswap="0" gate="1" group="1" side="" type="Any" name="P0_7" />
    <comppin designator="14" sympin="14" pinswap="0" gateswap="0" gate="1" group="1" side="" type="Any" name="P2_0" />
    <comppin designator="15" sympin="15" pinswap="0" gateswap="0" gate="1" group="1" side="" type="Any" name="P2_1" />
    <comppin designator="16" sympin="16" pinswap="0" gateswap="0" gate="1" group="1" side="" type="Any" name="P2_2" />
    <comppin designator="17" sympin="17" pinswap="0" gateswap="0" gate="1" group="1" side="" type="Any" name="P2_3/XSOC32_Q1" />
    <comppin designator="18" sympin="18" pinswap="0" gateswap="0" gate="1" group="1" side="" type="Any" name="P2_4/XOSC32_Q2" />
    <comppin designator="19" sympin="19" pinswap="0" gateswap="0" gate="1" group="1" side="" type="Any" name="AVDD_1" />
    <comppin designator="20" sympin="20" pinswap="0" gateswap="0" gate="1" group="1" side="" type="Any" name="XOSC_Q2" />
    <comppin designator="21" sympin="21" pinswap="0" gateswap="0" gate="1" group="1" side="" type="Any" name="XOSC_Q1" />
    <comppin designator="22" sympin="22" pinswap="0" gateswap="0" gate="1" group="1" side="" type="Any" name="AVDD_2" />
    <comppin designator="23" sympin="23" pinswap="0" gateswap="0" gate="1" group="1" side="" type="Any" name="RF_P" />
    <comppin designator="24" sympin="24" pinswap="0" gateswap="0" gate="1" group="1" side="" type="Any" name="RF_N" />
    <comppin designator="25" sympin="25" pinswap="0" gateswap="0" gate="1" group="1" side="" type="Any" name="AVDD_3" />
    <comppin designator="26" sympin="26" pinswap="0" gateswap="0" gate="1" group="1" side="" type="Any" name="AVDD_4" />
    <comppin designator="27" sympin="27" pinswap="0" gateswap="0" gate="1" group="1" side="" type="Any" name="RBIAS" />
    <comppin designator="28" sympin="28" pinswap="0" gateswap="0" gate="1" group="1" side="" type="Any" name="GUARD" />
    <comppin designator="29" sympin="29" pinswap="0" gateswap="0" gate="1" group="1" side="" type="Any" name="AVDD_DREG" />
    <comppin designator="30" sympin="30" pinswap="0" gateswap="0" gate="1" group="1" side="" type="Any" name="DCOUPL" />
    <comppin designator="31" sympin="31" pinswap="0" gateswap="0" gate="1" group="1" side="" type="Any" name="RESET_N" />
    <comppin designator="32" sympin="32" pinswap="0" gateswap="0" gate="1" group="1" side="" type="Any" name="P1_7" />
    <comppin designator="33" sympin="33" pinswap="0" gateswap="0" gate="1" group="1" side="" type="Any" name="P1_6" />
    <comppin designator="34" sympin="34" pinswap="0" gateswap="0" gate="1" group="1" side="" type="Any" name="P1_5" />
    <comppin designator="35" sympin="35" pinswap="0" gateswap="0" gate="1" group="1" side="" type="Any" name="P1_4" />
    <comppin designator="36" sympin="36" pinswap="0" gateswap="0" gate="1" group="1" side="" type="Any" name="P1_3" />
    <comppin designator="37" sympin="37" pinswap="0" gateswap="0" gate="1" group="1" side="" type="Any" name="AGND" />
    <attached_symbol gate="1" name="CC1110F16RHHR" />
    <pinmap designator="1" footprintpin="1" />
    <pinmap designator="2" footprintpin="2" />
    <pinmap designator="3" footprintpin="3" />
    <pinmap designator="4" footprintpin="4" />
    <pinmap designator="5" footprintpin="5" />
    <pinmap designator="6" footprintpin="6" />
    <pinmap designator="7" footprintpin="7" />
    <pinmap designator="8" footprintpin="8" />
    <pinmap designator="9" footprintpin="9" />
    <pinmap designator="10" footprintpin="10" />
    <pinmap designator="11" footprintpin="11" />
    <pinmap designator="12" footprintpin="12" />
    <pinmap designator="13" footprintpin="13" />
    <pinmap designator="14" footprintpin="14" />
    <pinmap designator="15" footprintpin="15" />
    <pinmap designator="16" footprintpin="16" />
    <pinmap designator="17" footprintpin="17" />
    <pinmap designator="18" footprintpin="18" />
    <pinmap designator="19" footprintpin="19" />
    <pinmap designator="20" footprintpin="20" />
    <pinmap designator="21" footprintpin="21" />
    <pinmap designator="22" footprintpin="22" />
    <pinmap designator="23" footprintpin="23" />
    <pinmap designator="24" footprintpin="24" />
    <pinmap designator="25" footprintpin="25" />
    <pinmap designator="26" footprintpin="26" />
    <pinmap designator="27" footprintpin="27" />
    <pinmap designator="28" footprintpin="28" />
    <pinmap designator="29" footprintpin="29" />
    <pinmap designator="30" footprintpin="30" />
    <pinmap designator="31" footprintpin="31" />
    <pinmap designator="32" footprintpin="32" />
    <pinmap designator="33" footprintpin="33" />
    <pinmap designator="34" footprintpin="34" />
    <pinmap designator="35" footprintpin="35" />
    <pinmap designator="36" footprintpin="36" />
    <pinmap designator="37" footprintpin="37" />
    <text name="Datasheet" originx="0" originy="0" style="Default" rotation="0" justify="" flipped="False" hidden="True" data="https://www.ti.com/lit/ds/symlink/cc1110-cc1111.pdf?ts=1643094715911&amp;ref_url=https%3A%2F%2Fwww.ti.com%2Fstore%2Fti%2Fen%2Fp%2Fproduct%2F%3Fp%3DCC1110F16RHHR" />
    <text name="Description" originx="0" originy="0" style="Default" rotation="0" justify="" flipped="False" hidden="True" data="RF System on a Chip - SoC Sub-1GHz SoC w/ MCU &amp; 16kB Flash memory" />
    <text name="Manufacturer_Name" originx="0" originy="0" style="Default" rotation="0" justify="" flipped="False" hidden="True" data="Texas Instruments" />
    <text name="Manufacturer_Part_Number" originx="1350" originy="800" style="Default" rotation="0" justify="left" flipped="False" hidden="False" data="CC1110F16RHHR" />
    <text name="Mouser Part Number" originx="0" originy="0" style="Default" rotation="0" justify="" flipped="False" hidden="True" data="595-CC1110F16RHHR" />
    <text name="Mouser Price/Stock" originx="0" originy="0" style="Default" rotation="0" justify="" flipped="False" hidden="True" data="https://www.mouser.co.uk/ProductDetail/Texas-Instruments/CC1110F16RHHR?qs=OHhYoCux73nd4W9JAtHgGg%3D%3D" />
    <text name="Arrow Part Number" originx="0" originy="0" style="Default" rotation="0" justify="" flipped="False" hidden="True" data="CC1110F16RHHR" />
    <text name="Arrow Price/Stock" originx="0" originy="0" style="Default" rotation="0" justify="" flipped="False" hidden="True" data="https://www.arrow.com/en/products/cc1110f16rhhr/texas-instruments" />
  </component>
</quadcept_library>
