<?xml version="1.0" encoding="utf-8"?>
<!--/1420622/1106763/2.50/8/4/Integrated Circuit/-->
<quadcept_library>
  <setting unit="mil" />
  <textstyle name="Default" height="47.244094488189" strokewidth="7.8740157480315" charwidth="47.244094488189" />
  <textstyle name="Dimension" height="19.6850393700787" strokewidth="0" charwidth="19.6850393700787" />
  <textstyle name="H127W0635TH00762" height="50" strokewidth="3" charwidth="25" />
  <textstyle name="H15W15TH02" height="59.0551181102362" strokewidth="7.8740157480315" charwidth="59.0551181102362" />
  <padstyle name="r142.7_45" surface="True" plated="False" isvia="False" nopaste="False" nomask="True" complex="False" holesize="0">
    <padshape layer="TOP" shape="rectangle" width="17.716535433071" height="56.181102362204" />
    <padshape layer="TOP_SOLDER_MASK" shape="rectangle" width="25.590551181102" height="64.055118110235" />
    <padshape layer="TOP_SOLDER_PASTE" shape="rectangle" width="17.716535433071" height="56.181102362204" />
  </padstyle>
  <footprint name="SOP65P488X107-8N" originx="0" originy="0" pickpointx="0" pickpointy="0">
    <pcbpin number="1" name="1" style="r142.7_45" originx="-87.086614173227" originy="38.385826771653" rotation="90" />
    <pcbpin number="2" name="2" style="r142.7_45" originx="-87.086614173227" originy="12.795275590551" rotation="90" />
    <pcbpin number="3" name="3" style="r142.7_45" originx="-87.086614173227" originy="-12.795275590551" rotation="90" />
    <pcbpin number="4" name="4" style="r142.7_45" originx="-87.086614173227" originy="-38.385826771653" rotation="90" />
    <pcbpin number="5" name="5" style="r142.7_45" originx="87.086614173227" originy="-38.385826771653" rotation="90" />
    <pcbpin number="6" name="6" style="r142.7_45" originx="87.086614173227" originy="-12.795275590551" rotation="90" />
    <pcbpin number="7" name="7" style="r142.7_45" originx="87.086614173227" originy="12.795275590551" rotation="90" />
    <pcbpin number="8" name="8" style="r142.7_45" originx="87.086614173227" originy="38.385826771653" rotation="90" />
    <line layer="TOP_PLACE_BOUND" originx="-125" originy="70.826771653542" endx="125" endy="70.826771653542" width="1.9685039370079" />
    <line layer="TOP_PLACE_BOUND" originx="125" originy="70.826771653542" endx="125" endy="-70.826771653542" width="1.9685039370079" />
    <line layer="TOP_PLACE_BOUND" originx="125" originy="-70.826771653542" endx="-125" endy="-70.826771653542" width="1.9685039370079" />
    <line layer="TOP_PLACE_BOUND" originx="-125" originy="-70.826771653542" endx="-125" endy="70.826771653542" width="1.9685039370079" />
    <line layer="TOP_ASSEMBLY" originx="-58.976377952755" originy="58.976377952755" endx="58.976377952755" endy="58.976377952755" width="3.9370078740157" />
    <line layer="TOP_ASSEMBLY" originx="58.976377952755" originy="58.976377952755" endx="58.976377952755" endy="-58.976377952755" width="3.9370078740157" />
    <line layer="TOP_ASSEMBLY" originx="58.976377952755" originy="-58.976377952755" endx="-58.976377952755" endy="-58.976377952755" width="3.9370078740157" />
    <line layer="TOP_ASSEMBLY" originx="-58.976377952755" originy="-58.976377952755" endx="-58.976377952755" endy="58.976377952755" width="3.9370078740157" />
    <line layer="TOP_ASSEMBLY" originx="-58.976377952755" originy="33.385826771653" endx="-33.385826771653" endy="58.976377952755" width="3.9370078740157" />
    <line layer="TOP_SILKSCREEN" originx="-45.1968503937" originy="58.976377952755" endx="45.1968503937" endy="58.976377952755" width="7.8740157480314" />
    <line layer="TOP_SILKSCREEN" originx="45.1968503937" originy="58.976377952755" endx="45.1968503937" endy="-58.976377952755" width="7.8740157480314" />
    <line layer="TOP_SILKSCREEN" originx="45.1968503937" originy="-58.976377952755" endx="-45.1968503937" endy="-58.976377952755" width="7.8740157480314" />
    <line layer="TOP_SILKSCREEN" originx="-45.1968503937" originy="-58.976377952755" endx="-45.1968503937" endy="58.976377952755" width="7.8740157480314" />
    <line layer="TOP_SILKSCREEN" originx="-115.15748031496" originy="61.023622047243" endx="-58.976377952755" endy="61.023622047243" width="7.8740157480314" />
  </footprint>
  <symbol name="PE4250MLI-Z" originx="0" originy="0">
    <line originx="200" originy="100" endx="1300" endy="100" width="0" />
    <line originx="1300" originy="-400" endx="1300" endy="100" width="0" />
    <line originx="1300" originy="-400" endx="200" endy="-400" width="0" />
    <line originx="200" originy="100" endx="200" endy="-400" width="0" />
    <sympin number="1" originx="200" originy="0" rotation="180" length="100" width="7.8740157480315" flipped="False">
      <text name="pinname" originx="230" originy="0" style="Default" rotation="0" justify="left" flipped="False" hidden="False" data="V2" />
      <text name="pindes" originx="140" originy="20" style="Default" rotation="0" justify="lowerright" flipped="False" hidden="False" data="1" />
    </sympin>
    <sympin number="2" originx="200" originy="-100" rotation="180" length="100" width="7.8740157480315" flipped="False">
      <text name="pinname" originx="230" originy="-100" style="Default" rotation="0" justify="left" flipped="False" hidden="False" data="V1" />
      <text name="pindes" originx="140" originy="-80" style="Default" rotation="0" justify="lowerright" flipped="False" hidden="False" data="2" />
    </sympin>
    <sympin number="3" originx="200" originy="-200" rotation="180" length="100" width="7.8740157480315" flipped="False">
      <text name="pinname" originx="230" originy="-200" style="Default" rotation="0" justify="left" flipped="False" hidden="False" data="RFC" />
      <text name="pindes" originx="140" originy="-180" style="Default" rotation="0" justify="lowerright" flipped="False" hidden="False" data="3" />
    </sympin>
    <sympin number="4" originx="200" originy="-300" rotation="180" length="100" width="7.8740157480315" flipped="False">
      <text name="pinname" originx="230" originy="-300" style="Default" rotation="0" justify="left" flipped="False" hidden="False" data="N/C_OR_GND" />
      <text name="pindes" originx="140" originy="-280" style="Default" rotation="0" justify="lowerright" flipped="False" hidden="False" data="4" />
    </sympin>
    <sympin number="8" originx="1300" originy="0" rotation="0" length="100" width="7.8740157480315" flipped="False">
      <text name="pinname" originx="1270" originy="0" style="Default" rotation="0" justify="right" flipped="False" hidden="False" data="RF2" />
      <text name="pindes" originx="1360" originy="20" style="Default" rotation="0" justify="lowerleft" flipped="False" hidden="False" data="8" />
    </sympin>
    <sympin number="7" originx="1300" originy="-100" rotation="0" length="100" width="7.8740157480315" flipped="False">
      <text name="pinname" originx="1270" originy="-100" style="Default" rotation="0" justify="right" flipped="False" hidden="False" data="GND_2" />
      <text name="pindes" originx="1360" originy="-80" style="Default" rotation="0" justify="lowerleft" flipped="False" hidden="False" data="7" />
    </sympin>
    <sympin number="6" originx="1300" originy="-200" rotation="0" length="100" width="7.8740157480315" flipped="False">
      <text name="pinname" originx="1270" originy="-200" style="Default" rotation="0" justify="right" flipped="False" hidden="False" data="GND_1" />
      <text name="pindes" originx="1360" originy="-180" style="Default" rotation="0" justify="lowerleft" flipped="False" hidden="False" data="6" />
    </sympin>
    <sympin number="5" originx="1300" originy="-300" rotation="0" length="100" width="7.8740157480315" flipped="False">
      <text name="pinname" originx="1270" originy="-300" style="Default" rotation="0" justify="right" flipped="False" hidden="False" data="RF1" />
      <text name="pindes" originx="1360" originy="-280" style="Default" rotation="0" justify="lowerleft" flipped="False" hidden="False" data="5" />
    </sympin>
  </symbol>
  <component name="PE4250MLI-Z" designatorprefix="IC" height="41.968503937007" footprint="SOP65P488X107-8N">
    <comppin designator="1" sympin="1" pinswap="0" gateswap="0" gate="1" group="1" side="" type="Any" name="V2" />
    <comppin designator="2" sympin="2" pinswap="0" gateswap="0" gate="1" group="1" side="" type="Any" name="V1" />
    <comppin designator="3" sympin="3" pinswap="0" gateswap="0" gate="1" group="1" side="" type="Any" name="RFC" />
    <comppin designator="4" sympin="4" pinswap="0" gateswap="0" gate="1" group="1" side="" type="Any" name="N/C_OR_GND" />
    <comppin designator="5" sympin="5" pinswap="0" gateswap="0" gate="1" group="1" side="" type="Any" name="RF1" />
    <comppin designator="6" sympin="6" pinswap="0" gateswap="0" gate="1" group="1" side="" type="Any" name="GND_1" />
    <comppin designator="7" sympin="7" pinswap="0" gateswap="0" gate="1" group="1" side="" type="Any" name="GND_2" />
    <comppin designator="8" sympin="8" pinswap="0" gateswap="0" gate="1" group="1" side="" type="Any" name="RF2" />
    <attached_symbol gate="1" name="PE4250MLI-Z" />
    <pinmap designator="1" footprintpin="1" />
    <pinmap designator="2" footprintpin="2" />
    <pinmap designator="3" footprintpin="3" />
    <pinmap designator="4" footprintpin="4" />
    <pinmap designator="5" footprintpin="5" />
    <pinmap designator="6" footprintpin="6" />
    <pinmap designator="7" footprintpin="7" />
    <pinmap designator="8" footprintpin="8" />
    <text name="Datasheet" originx="0" originy="0" style="Default" rotation="0" justify="" flipped="False" hidden="True" data="http://www.psemi.com/pdf/datasheets/pe4250ds.pdf" />
    <text name="Description" originx="0" originy="0" style="Default" rotation="0" justify="" flipped="False" hidden="True" data="IC RF SWITCH SPDT 50 OHM 8-MSOP" />
    <text name="Manufacturer_Name" originx="0" originy="0" style="Default" rotation="0" justify="" flipped="False" hidden="True" data="Peregrine Semiconductor" />
    <text name="Manufacturer_Part_Number" originx="1350" originy="200" style="Default" rotation="0" justify="left" flipped="False" hidden="False" data="PE4250MLI-Z" />
    <text name="Mouser Part Number" originx="0" originy="0" style="Default" rotation="0" justify="" flipped="False" hidden="True" data="81-PE4250MLI-Z" />
    <text name="Mouser Price/Stock" originx="0" originy="0" style="Default" rotation="0" justify="" flipped="False" hidden="True" data="https://www.mouser.co.uk/ProductDetail/pSemi/PE4250MLI-Z?qs=iw0hurA%2FaD1gJuyls72Zlg%3D%3D" />
    <text name="Arrow Part Number" originx="0" originy="0" style="Default" rotation="0" justify="" flipped="False" hidden="True" data="" />
    <text name="Arrow Price/Stock" originx="0" originy="0" style="Default" rotation="0" justify="" flipped="False" hidden="True" data="" />
  </component>
</quadcept_library>
