<?xml version="1.0" encoding="utf-8"?>
<!--/1066629/1156048/2.50/4/2/Resistor/-->
<quadcept_library>
  <setting unit="mil" />
  <textstyle name="Default" height="47.244094488189" strokewidth="7.8740157480315" charwidth="47.244094488189" />
  <textstyle name="Dimension" height="19.6850393700787" strokewidth="0" charwidth="19.6850393700787" />
  <textstyle name="H127W0635TH00762" height="50" strokewidth="3" charwidth="25" />
  <textstyle name="H15W15TH02" height="59.0551181102362" strokewidth="7.8740157480315" charwidth="59.0551181102362" />
  <padstyle name="r560_244" surface="True" plated="False" isvia="False" nopaste="False" nomask="True" complex="False" holesize="0">
    <padshape layer="TOP" shape="rectangle" width="96.062992125983" height="220.47244094488" />
    <padshape layer="TOP_SOLDER_MASK" shape="rectangle" width="103.93700787401" height="228.34645669291" />
    <padshape layer="TOP_SOLDER_PASTE" shape="rectangle" width="96.062992125983" height="220.47244094488" />
  </padstyle>
  <padstyle name="r244_89" surface="True" plated="False" isvia="False" nopaste="False" nomask="True" complex="False" holesize="0">
    <padshape layer="TOP" shape="rectangle" width="35.03937007874" height="96.062992125983" />
    <padshape layer="TOP_SOLDER_MASK" shape="rectangle" width="42.913385826771" height="103.93700787401" />
    <padshape layer="TOP_SOLDER_PASTE" shape="rectangle" width="35.03937007874" height="96.062992125983" />
  </padstyle>
  <footprint name="WSL27261L000FEA" originx="0" originy="0" pickpointx="0" pickpointy="0">
    <pcbpin number="1" name="1" style="r560_244" originx="-97.637795275589" originy="-35.03937007874" rotation="0" />
    <pcbpin number="2" name="2" style="r560_244" originx="97.637795275589" originy="-35.03937007874" rotation="0" />
    <pcbpin number="3" name="3" style="r244_89" originx="-97.637795275589" originy="127.75590551181" rotation="90" />
    <pcbpin number="4" name="4" style="r244_89" originx="97.637795275589" originy="127.75590551181" rotation="90" />
    <line layer="TOP_ASSEMBLY" originx="-135.82677165354" originy="129.92125984252" endx="135.82677165354" endy="129.92125984252" width="7.8740157480314" />
    <line layer="TOP_ASSEMBLY" originx="135.82677165354" originy="129.92125984252" endx="135.82677165354" endy="-129.92125984252" width="7.8740157480314" />
    <line layer="TOP_ASSEMBLY" originx="135.82677165354" originy="-129.92125984252" endx="-135.82677165354" endy="-129.92125984252" width="7.8740157480314" />
    <line layer="TOP_ASSEMBLY" originx="-135.82677165354" originy="-129.92125984252" endx="-135.82677165354" endy="129.92125984252" width="7.8740157480314" />
    <line layer="TOP_PLACE_BOUND" originx="-185.03937007874" originy="184.64566929134" endx="185.03937007874" endy="184.64566929134" width="3.9370078740157" />
    <line layer="TOP_PLACE_BOUND" originx="185.03937007874" originy="184.64566929134" endx="185.03937007874" endy="-184.64566929134" width="3.9370078740157" />
    <line layer="TOP_PLACE_BOUND" originx="185.03937007874" originy="-184.64566929134" endx="-185.03937007874" endy="-184.64566929134" width="3.9370078740157" />
    <line layer="TOP_PLACE_BOUND" originx="-185.03937007874" originy="-184.64566929134" endx="-185.03937007874" endy="184.64566929134" width="3.9370078740157" />
    <line layer="TOP_SILKSCREEN" originx="-39.370078740157" originy="-129.92125984252" endx="39.370078740157" endy="-129.92125984252" width="3.9370078740157" />
    <line layer="TOP_SILKSCREEN" originx="-39.370078740157" originy="129.92125984252" endx="39.370078740157" endy="129.92125984252" width="3.9370078740157" />
  </footprint>
  <symbol name="WSL27261L000FEA" originx="0" originy="0">
    <line originx="200" originy="100" endx="600" endy="100" width="0" />
    <line originx="600" originy="-200" endx="600" endy="100" width="0" />
    <line originx="600" originy="-200" endx="200" endy="-200" width="0" />
    <line originx="200" originy="100" endx="200" endy="-200" width="0" />
    <sympin number="1" originx="200" originy="-100" rotation="180" length="100" width="7.8740157480315" flipped="False">
      <text name="pinname" originx="230" originy="-100" style="Default" rotation="0" justify="left" flipped="False" hidden="False" data="1" />
      <text name="pindes" originx="140" originy="-80" style="Default" rotation="0" justify="lowerright" flipped="False" hidden="False" data="1" />
    </sympin>
    <sympin number="2" originx="600" originy="-100" rotation="0" length="100" width="7.8740157480315" flipped="False">
      <text name="pinname" originx="570" originy="-100" style="Default" rotation="0" justify="right" flipped="False" hidden="False" data="2" />
      <text name="pindes" originx="660" originy="-80" style="Default" rotation="0" justify="lowerleft" flipped="False" hidden="False" data="2" />
    </sympin>
    <sympin number="3" originx="200" originy="0" rotation="180" length="100" width="7.8740157480315" flipped="False">
      <text name="pinname" originx="230" originy="0" style="Default" rotation="0" justify="left" flipped="False" hidden="False" data="3" />
      <text name="pindes" originx="140" originy="20" style="Default" rotation="0" justify="lowerright" flipped="False" hidden="False" data="3" />
    </sympin>
    <sympin number="4" originx="600" originy="0" rotation="0" length="100" width="7.8740157480315" flipped="False">
      <text name="pinname" originx="570" originy="0" style="Default" rotation="0" justify="right" flipped="False" hidden="False" data="4" />
      <text name="pindes" originx="660" originy="20" style="Default" rotation="0" justify="lowerleft" flipped="False" hidden="False" data="4" />
    </sympin>
  </symbol>
  <component name="WSL27261L000FEA" designatorprefix="R" height="78.740157480314" footprint="WSL27261L000FEA">
    <comppin designator="1" sympin="1" pinswap="0" gateswap="0" gate="1" group="1" side="" type="Any" name="1" />
    <comppin designator="2" sympin="2" pinswap="0" gateswap="0" gate="1" group="1" side="" type="Any" name="2" />
    <comppin designator="3" sympin="3" pinswap="0" gateswap="0" gate="1" group="1" side="" type="Any" name="3" />
    <comppin designator="4" sympin="4" pinswap="0" gateswap="0" gate="1" group="1" side="" type="Any" name="4" />
    <attached_symbol gate="1" name="WSL27261L000FEA" />
    <pinmap designator="1" footprintpin="1" />
    <pinmap designator="2" footprintpin="2" />
    <pinmap designator="3" footprintpin="3" />
    <pinmap designator="4" footprintpin="4" />
    <text name="Datasheet" originx="0" originy="0" style="Default" rotation="0" justify="" flipped="False" hidden="True" data="https://www.vishay.com/docs/30131/wsl2726.pdf" />
    <text name="Description" originx="0" originy="0" style="Default" rotation="0" justify="" flipped="False" hidden="True" data="Current Sense Resistors - SMD 3watt .001ohm 1%" />
    <text name="Manufacturer_Name" originx="0" originy="0" style="Default" rotation="0" justify="" flipped="False" hidden="True" data="Vishay" />
    <text name="Manufacturer_Part_Number" originx="650" originy="200" style="Default" rotation="0" justify="left" flipped="False" hidden="False" data="WSL27261L000FEA" />
    <text name="Mouser Part Number" originx="0" originy="0" style="Default" rotation="0" justify="" flipped="False" hidden="True" data="71-WSL27261L000FEA" />
    <text name="Mouser Price/Stock" originx="0" originy="0" style="Default" rotation="0" justify="" flipped="False" hidden="True" data="https://www.mouser.co.uk/ProductDetail/Vishay-Dale/WSL27261L000FEA?qs=nVS1qgv%252BQrknYK1O0F5N%2Fg%3D%3D" />
    <text name="Arrow Part Number" originx="0" originy="0" style="Default" rotation="0" justify="" flipped="False" hidden="True" data="WSL27261L000FEA" />
    <text name="Arrow Price/Stock" originx="0" originy="0" style="Default" rotation="0" justify="" flipped="False" hidden="True" data="https://www.arrow.com/en/products/wsl27261l000fea/vishay" />
  </component>
</quadcept_library>
